detection,tx,rx,real,imag,magnitude,phase_deg
1,1,1,0.8102740085962548,-0.2643488379558571,0.8523052722676633,-18.06871998371288
1,2,1,0.7715260404401321,0.02887083732905055,0.7720660310655486,2.143032876203428
1,3,1,0.4465656520758,-0.5186627090539339,0.6844208408406702,-49.271735597031814
1,4,1,0.5240707448499126,0.28171066383682764,0.5949882719238492,28.25994983398896
2,1,1,0.43330071196792436,0.5963072826055644,0.7371104952992751,53.99634565969056
2,2,1,0.18161083793456292,0.6419350153507154,0.6671304672915316,74.20317843359585
2,3,1,0.5444445989997908,0.223916314207665,0.5886921412320609,22.356127983895327
2,4,1,-0.08522703854160801,0.5054576974319333,0.5125925594385511,99.57082360913967
3,1,1,5.884278690239999e-05,0.5620902016928758,0.562090204772874,89.9940019532064
3,2,1,-0.17105042234113918,0.4741925352050646,0.5040999974482132,109.83535491170015
3,3,1,0.23229782930056034,0.3817407562651915,0.4468649533043205,58.6785476179126
3,4,1,-0.2777941637900334,0.2697202894980756,0.38719327473850784,135.84484599648474
